id,chainId,chainOrder,phase,titleKey,summaryKey,templateParams,tags,sentiment,impactStrength,volatilityBoost,durationTicks,outcomes,nextNewsIds,nextWeights,pricingInFactor,cooldownTicks,hypeBypass
news_pandemic_001,chain_pandemic,0,Rumor,NEWS_PANDEMIC_001_TITLE,NEWS_PANDEMIC_001_SUMMARY,"{""region"":""PARAM_REGION_A/PARAM_REGION_B/PARAM_REGION_NATION"", ""disease"":""PARAM_DISEASE_RESPIRATORY/PARAM_DISEASE_VIRUS""}",pharma|bio|vaccine,Negative,0.7,0.15,3,"[{""probability"": 0.70, ""priceEffect"": 0.08, ""label"": ""sharp_rise""}, {""probability"": 0.20, ""priceEffect"": 0.01, ""label"": ""flat""}, {""probability"": 0.10, ""priceEffect"": -0.05, ""label"": ""contrarian_drop""}]",news_pandemic_002a|news_pandemic_002b,60|40,0.4,20
news_pandemic_002a,chain_pandemic,1,Official,NEWS_PANDEMIC_002A_TITLE,NEWS_PANDEMIC_002A_SUMMARY,{},pharma|bio|vaccine,Negative,0.9,0.20,3,"[{""probability"": 0.30, ""priceEffect"": 0.15, ""label"": ""sharp_rise""}, {""probability"": 0.25, ""priceEffect"": 0.05, ""label"": ""flat""}, {""probability"": 0.45, ""priceEffect"": -0.08, ""label"": ""sell_the_news""}]",news_pandemic_003a|news_pandemic_003b,50|50,0.6,0
news_pandemic_002b,chain_pandemic,1,Official,NEWS_PANDEMIC_002B_TITLE,NEWS_PANDEMIC_002B_SUMMARY,{},pharma|bio|vaccine,Positive,0.8,0.10,3,"[{""probability"": 0.80, ""priceEffect"": -0.10, ""label"": ""reversal_drop""}, {""probability"": 0.20, ""priceEffect"": -0.02, ""label"": ""flat""}]",news_pandemic_003b,100,0.0,0
news_pandemic_003a,chain_pandemic,2,Fade,NEWS_PANDEMIC_003A_TITLE,NEWS_PANDEMIC_003A_SUMMARY,{},pharma|bio|vaccine,Neutral,0.3,0.0,2,"[{""probability"": 1.0, ""priceEffect"": 0.0, ""label"": ""fade""}]",,,0.0,0
news_pandemic_003b,chain_pandemic,2,Fade,NEWS_PANDEMIC_003B_TITLE,NEWS_PANDEMIC_003B_SUMMARY,{},pharma|bio|vaccine,Neutral,0.4,0.0,2,"[{""probability"": 1.0, ""priceEffect"": -0.05, ""label"": ""normalization""}]",,,0.0,0
news_chip_001,chain_chip_shortage,0,Rumor,NEWS_CHIP_001_TITLE,NEWS_CHIP_001_SUMMARY,{},semiconductor|hardware,Negative,0.6,0.1,2,"[{""probability"": 0.60, ""priceEffect"": -0.07, ""label"": ""drop""}, {""probability"": 0.40, ""priceEffect"": -0.02, ""label"": ""flat""}]",news_chip_002a|news_chip_002b,50|50,0.5,15
news_chip_002a,chain_chip_shortage,1,Official,NEWS_CHIP_002A_TITLE,NEWS_CHIP_002A_SUMMARY,{},semiconductor,Negative,1.0,0.3,3,"[{""probability"": 0.70, ""priceEffect"": -0.12, ""label"": ""crash""}, {""probability"": 0.30, ""priceEffect"": -0.05, ""label"": ""priced_in""}]",news_chip_003,100,0.6,0
news_chip_002b,chain_chip_shortage,1,Official,NEWS_CHIP_002B_TITLE,NEWS_CHIP_002B_SUMMARY,{},semiconductor,Positive,0.8,0.2,3,"[{""probability"": 0.80, ""priceEffect"": 0.15, ""label"": ""rebound""}, {""probability"": 0.20, ""priceEffect"": 0.05, ""label"": ""flat""}]",news_chip_003,100,0.0,0
news_chip_003,chain_chip_shortage,2,Fade,NEWS_CHIP_003_TITLE,NEWS_CHIP_003_SUMMARY,{},semiconductor,Neutral,0.3,0.0,2,"[{""probability"": 1.0, ""priceEffect"": 0.0, ""label"": ""fade""}]",,,0.0,0
news_ai_001,chain_ai_regulation,0,Rumor,NEWS_AI_001_TITLE,NEWS_AI_001_SUMMARY,{},software,Negative,0.7,0.10,3,"[{""probability"": 0.75, ""priceEffect"": -0.08, ""label"": ""rumor_drop""}, {""probability"": 0.25, ""priceEffect"": 0.0, ""label"": ""flat""}]",news_ai_002a|news_ai_002b,40|60,0.4,25
news_ai_002a,chain_ai_regulation,1,Official,NEWS_AI_002A_TITLE,NEWS_AI_002A_SUMMARY,{},software,Negative,1.0,0.25,3,"[{""probability"": 0.80, ""priceEffect"": -0.15, ""label"": ""heavy_regulation""}, {""probability"": 0.20, ""priceEffect"": -0.03, ""label"": ""priced_in""}]",news_ai_003,100,0.5,0
news_ai_002b,chain_ai_regulation,1,Official,NEWS_AI_002B_TITLE,NEWS_AI_002B_SUMMARY,{},software,Positive,0.8,0.15,3,"[{""probability"": 0.85, ""priceEffect"": 0.12, ""label"": ""regulation_lifted""}, {""probability"": 0.15, ""priceEffect"": 0.01, ""label"": ""flat""}]",news_ai_003,100,0.0,0
news_ai_003,chain_ai_regulation,2,Fade,NEWS_AI_003_TITLE,NEWS_AI_003_SUMMARY,{},software,Neutral,0.3,0.0,2,"[{""probability"": 1.0, ""priceEffect"": 0.0, ""label"": ""fade""}]",,,0.0,0
news_def_001,chain_space_defense,0,Rumor,NEWS_DEF_001_TITLE,NEWS_DEF_001_SUMMARY,"{""region"":""PARAM_REGION_ALLIANCE/PARAM_REGION_FAREAST/PARAM_REGION_EEUROPE""}",hardware,Positive,0.75,0.12,3,"[{""probability"": 0.70, ""priceEffect"": 0.09, ""label"": ""rumor_rise""}, {""probability"": 0.30, ""priceEffect"": -0.02, ""label"": ""contrarian_drop""}]",news_def_002a|news_def_002b,70|30,0.5,30
news_def_002a,chain_space_defense,1,Official,NEWS_DEF_002A_TITLE,NEWS_DEF_002A_SUMMARY,{},hardware,Positive,1.0,0.22,3,"[{""probability"": 0.80, ""priceEffect"": 0.18, ""label"": ""contract_signed""}, {""probability"": 0.20, ""priceEffect"": 0.02, ""label"": ""flat""}]",news_def_003a,100,0.5,0
news_def_002b,chain_space_defense,1,Official,NEWS_DEF_002B_TITLE,NEWS_DEF_002B_SUMMARY,{},hardware,Negative,0.9,0.18,3,"[{""probability"": 0.85, ""priceEffect"": -0.12, ""label"": ""contract_failed""}, {""probability"": 0.15, ""priceEffect"": 0.0, ""label"": ""flat""}]",news_def_003b,100,0.0,0
news_def_003a,chain_space_defense,2,Fade,NEWS_DEF_003A_TITLE,NEWS_DEF_003A_SUMMARY,{},hardware,Neutral,0.4,0.0,2,"[{""probability"": 1.0, ""priceEffect"": 0.0, ""label"": ""fade""}]",,,0.0,0
news_def_003b,chain_space_defense,2,Fade,NEWS_DEF_003B_TITLE,NEWS_DEF_003B_SUMMARY,{},hardware,Neutral,0.3,0.0,2,"[{""probability"": 1.0, ""priceEffect"": -0.02, ""label"": ""normalization""}]",,,0.0,0
news_ren_001,chain_renewable_breakthrough,0,Rumor,NEWS_REN_001_TITLE,NEWS_REN_001_SUMMARY,{},energy|renewable,Positive,0.7,0.15,3,"[{""probability"": 0.65, ""priceEffect"": 0.07, ""label"": ""rumor_rise""}, {""probability"": 0.35, ""priceEffect"": -0.01, ""label"": ""flat""}]",news_ren_002a|news_ren_002b,65|35,0.4,28
news_ren_002a,chain_renewable_breakthrough,1,Official,NEWS_REN_002A_TITLE,NEWS_REN_002A_SUMMARY,{},energy|renewable|battery,Positive,1.0,0.20,3,"[{""probability"": 0.80, ""priceEffect"": 0.16, ""label"": ""patent_approved""}, {""probability"": 0.20, ""priceEffect"": 0.03, ""label"": ""flat""}]",news_ren_003a,100,0.4,0
news_ren_002b,chain_renewable_breakthrough,1,Official,NEWS_REN_002B_TITLE,NEWS_REN_002B_SUMMARY,{},energy|renewable,Negative,0.85,0.20,3,"[{""probability"": 0.75, ""priceEffect"": -0.11, ""label"": ""experiment_failed""}, {""probability"": 0.25, ""priceEffect"": -0.02, ""label"": ""flat""}]",news_ren_003b,100,0.0,0
news_ren_003a,chain_renewable_breakthrough,2,Fade,NEWS_REN_003A_TITLE,NEWS_REN_003A_SUMMARY,{},energy|renewable,Neutral,0.3,0.0,2,"[{""probability"": 1.0, ""priceEffect"": 0.02, ""label"": ""fade""}]",,,0.0,0
news_ren_003b,chain_renewable_breakthrough,2,Fade,NEWS_REN_003B_TITLE,NEWS_REN_003B_SUMMARY,{},energy,Neutral,0.35,0.0,2,"[{""probability"": 1.0, ""priceEffect"": -0.03, ""label"": ""normalization""}]",,,0.0,0
news_indie_food_001,,0,Official,NEWS_INDIE_FOOD_001_TITLE,NEWS_INDIE_FOOD_001_SUMMARY,{},food|consumer|retail,Neutral,0.8,0.08,2,"[{""probability"": 0.75, ""priceEffect"": 0.08, ""label"": ""rise""}, {""probability"": 0.25, ""priceEffect"": 0.01, ""label"": ""flat""}]",,,0.0,15
news_indie_game_001,,0,Official,NEWS_INDIE_GAME_001_TITLE,NEWS_INDIE_GAME_001_SUMMARY,{},software,Positive,0.85,0.10,3,"[{""probability"": 0.80, ""priceEffect"": 0.10, ""label"": ""hot_release""}, {""probability"": 0.20, ""priceEffect"": 0.02, ""label"": ""flat""}]",,,0.0,18
news_indie_finance_001,,0,Official,NEWS_INDIE_FINANCE_001_TITLE,NEWS_INDIE_FINANCE_001_SUMMARY,{},finance,Neutral,0.7,0.05,2,"[{""probability"": 0.65, ""priceEffect"": 0.06, ""label"": ""rate_cut""}, {""probability"": 0.35, ""priceEffect"": -0.01, ""label"": ""flat""}]",,,0.0,22
news_indie_finance_002,,0,Official,NEWS_INDIE_FINANCE_002_TITLE,NEWS_INDIE_FINANCE_002_SUMMARY,{},finance,Negative,0.8,0.12,3,"[{""probability"": 0.70, ""priceEffect"": -0.08, ""label"": ""audit_down""}, {""probability"": 0.30, ""priceEffect"": -0.01, ""label"": ""flat""}]",,,0.0,20
news_indie_pharma_001,,0,Official,NEWS_INDIE_PHARMA_001_TITLE,NEWS_INDIE_PHARMA_001_SUMMARY,{},pharma|bio,Negative,0.95,0.25,3,"[{""probability"": 0.80, ""priceEffect"": -0.16, ""label"": ""clinical_fail""}, {""probability"": 0.20, ""priceEffect"": -0.03, ""label"": ""priced_in""}]",,,0.0,25
news_indie_chip_001,,0,Official,NEWS_INDIE_CHIP_001_TITLE,NEWS_INDIE_CHIP_001_SUMMARY,{},semiconductor,Positive,0.9,0.15,3,"[{""probability"": 0.80, ""priceEffect"": 0.12, ""label"": ""patent_win""}, {""probability"": 0.20, ""priceEffect"": 0.02, ""label"": ""flat""}]",,,0.0,24
news_indie_logistics_001,,0,Official,NEWS_INDIE_LOGISTICS_001_TITLE,NEWS_INDIE_LOGISTICS_001_SUMMARY,{},logistics|transport,Positive,0.75,0.14,3,"[{""probability"": 0.75, ""priceEffect"": 0.09, ""label"": ""freight_up""}, {""probability"": 0.25, ""priceEffect"": 0.01, ""label"": ""flat""}]",,,0.0,20
news_indie_hardware_001,,0,Official,NEWS_INDIE_HARDWARE_001_TITLE,NEWS_INDIE_HARDWARE_001_SUMMARY,{},hardware|semiconductor,Negative,0.85,0.16,3,"[{""probability"": 0.75, ""priceEffect"": -0.10, ""label"": ""plant_fire""}, {""probability"": 0.25, ""priceEffect"": -0.02, ""label"": ""flat""}]",,,0.0,25
news_indie_ai_001,,0,Official,NEWS_INDIE_AI_001_TITLE,NEWS_INDIE_AI_001_SUMMARY,{},software,Neutral,0.8,0.11,2,"[{""probability"": 0.75, ""priceEffect"": 0.09, ""label"": ""model_release""}, {""probability"": 0.25, ""priceEffect"": 0.01, ""label"": ""flat""}]",,,0.0,18
news_indie_energy_001,,0,Official,NEWS_INDIE_ENERGY_001_TITLE,NEWS_INDIE_ENERGY_001_SUMMARY,{},energy|renewable,Neutral,0.85,0.08,2,"[{""probability"": 0.80, ""priceEffect"": 0.08, ""label"": ""green_subsidy""}, {""probability"": 0.20, ""priceEffect"": 0.01, ""label"": ""flat""}]",,,0.0,20
news_indie_ev_001,,0,Official,NEWS_INDIE_EV_001_TITLE,NEWS_INDIE_EV_001_SUMMARY,{},energy|battery,Positive,0.85,0.12,2,"[{""probability"": 0.78, ""priceEffect"": 0.10, ""label"": ""subsidy_boom""}, {""probability"": 0.22, ""priceEffect"": 0.02, ""label"": ""flat""}]",,,0.0,20
news_indie_cloud_001,,0,Official,NEWS_INDIE_CLOUD_001_TITLE,NEWS_INDIE_CLOUD_001_SUMMARY,{},software,Positive,0.8,0.10,2,"[{""probability"": 0.75, ""priceEffect"": 0.09, ""label"": ""mega_deal""}, {""probability"": 0.25, ""priceEffect"": 0.01, ""label"": ""flat""}]",,,0.0,18
news_indie_space_001,,0,Official,NEWS_INDIE_SPACE_001_TITLE,NEWS_INDIE_SPACE_001_SUMMARY,{},hardware,Positive,0.9,0.18,3,"[{""probability"": 0.70, ""priceEffect"": 0.13, ""label"": ""launch_success""}, {""probability"": 0.30, ""priceEffect"": 0.03, ""label"": ""flat""}]",,,0.0,24
news_indie_retail_001,,0,Official,NEWS_INDIE_RETAIL_001_TITLE,NEWS_INDIE_RETAIL_001_SUMMARY,{},consumer|retail,Positive,0.7,0.08,2,"[{""probability"": 0.72, ""priceEffect"": 0.07, ""label"": ""sales_surge""}, {""probability"": 0.28, ""priceEffect"": 0.01, ""label"": ""flat""}]",,,0.0,16
news_indie_bank_001,,0,Official,NEWS_INDIE_BANK_001_TITLE,NEWS_INDIE_BANK_001_SUMMARY,{},finance,Positive,0.75,0.07,2,"[{""probability"": 0.70, ""priceEffect"": 0.06, ""label"": ""record_profit""}, {""probability"": 0.30, ""priceEffect"": -0.01, ""label"": ""flat""}]",,,0.0,20
news_indie_vaccine_001,,0,Official,NEWS_INDIE_VACCINE_001_TITLE,NEWS_INDIE_VACCINE_001_SUMMARY,{},pharma|bio|vaccine,Positive,0.95,0.20,3,"[{""probability"": 0.80, ""priceEffect"": 0.15, ""label"": ""trial_success""}, {""probability"": 0.20, ""priceEffect"": 0.02, ""label"": ""flat""}]",,,0.0,26
news_indie_foundry_001,,0,Official,NEWS_INDIE_FOUNDRY_001_TITLE,NEWS_INDIE_FOUNDRY_001_SUMMARY,{},semiconductor,Positive,0.88,0.15,3,"[{""probability"": 0.80, ""priceEffect"": 0.12, ""label"": ""big_order""}, {""probability"": 0.20, ""priceEffect"": 0.02, ""label"": ""flat""}]",,,0.0,24
news_indie_oil_001,,0,Official,NEWS_INDIE_OIL_001_TITLE,NEWS_INDIE_OIL_001_SUMMARY,{},energy,Negative,0.8,0.13,3,"[{""probability"": 0.72, ""priceEffect"": -0.09, ""label"": ""cost_spike""}, {""probability"": 0.28, ""priceEffect"": -0.01, ""label"": ""flat""}]",,,0.0,22
news_indie_databreach_001,,0,Official,NEWS_INDIE_DATABREACH_001_TITLE,NEWS_INDIE_DATABREACH_001_SUMMARY,{},software,Negative,0.9,0.16,3,"[{""probability"": 0.78, ""priceEffect"": -0.13, ""label"": ""data_leak""}, {""probability"": 0.22, ""priceEffect"": -0.02, ""label"": ""flat""}]",,,0.0,25
news_indie_defcut_001,,0,Official,NEWS_INDIE_DEFCUT_001_TITLE,NEWS_INDIE_DEFCUT_001_SUMMARY,{},defense,Negative,0.82,0.12,3,"[{""probability"": 0.75, ""priceEffect"": -0.10, ""label"": ""budget_cut""}, {""probability"": 0.25, ""priceEffect"": -0.02, ""label"": ""flat""}]",,,0.0,24
news_indie_fashion_001,,0,Official,NEWS_INDIE_FASHION_001_TITLE,NEWS_INDIE_FASHION_001_SUMMARY,{},consumer|retail,Negative,0.7,0.09,2,"[{""probability"": 0.72, ""priceEffect"": -0.07, ""label"": ""demand_drop""}, {""probability"": 0.28, ""priceEffect"": -0.01, ""label"": ""flat""}]",,,0.0,18
news_indie_fintechreg_001,,0,Official,NEWS_INDIE_FINTECHREG_001_TITLE,NEWS_INDIE_FINTECHREG_001_SUMMARY,{},finance|software,Negative,0.8,0.11,3,"[{""probability"": 0.74, ""priceEffect"": -0.09, ""label"": ""reg_tighten""}, {""probability"": 0.26, ""priceEffect"": -0.01, ""label"": ""flat""}]",,,0.0,22
news_indie_semiglut_001,,0,Official,NEWS_INDIE_SEMIGLUT_001_TITLE,NEWS_INDIE_SEMIGLUT_001_SUMMARY,{},semiconductor|hardware,Negative,0.85,0.14,3,"[{""probability"": 0.76, ""priceEffect"": -0.11, ""label"": ""oversupply""}, {""probability"": 0.24, ""priceEffect"": -0.02, ""label"": ""flat""}]",,,0.0,24
news_indie_mediaflop_001,,0,Official,NEWS_INDIE_MEDIAFLOP_001_TITLE,NEWS_INDIE_MEDIAFLOP_001_SUMMARY,{},software,Negative,0.78,0.12,2,"[{""probability"": 0.74, ""priceEffect"": -0.09, ""label"": ""box_office_flop""}, {""probability"": 0.26, ""priceEffect"": -0.01, ""label"": ""flat""}]",,,0.0,20
news_rush_001,chain_resource_rush,0,Rumor,NEWS_RUSH_001_TITLE,NEWS_RUSH_001_SUMMARY,"{""region"":""PARAM_REGION_A/PARAM_REGION_B/PARAM_REGION_NATION""}",mining|materials,Positive,0.7,0.14,3,"[{""probability"": 0.70, ""priceEffect"": 0.08, ""label"": ""rumor_rise""}, {""probability"": 0.30, ""priceEffect"": -0.01, ""label"": ""flat""}]",news_rush_002a|news_rush_002b,60|40,0.4,26
news_rush_002a,chain_resource_rush,1,Official,NEWS_RUSH_002A_TITLE,NEWS_RUSH_002A_SUMMARY,{},mining|materials,Positive,1.0,0.20,3,"[{""probability"": 0.80, ""priceEffect"": 0.16, ""label"": ""vein_confirmed""}, {""probability"": 0.20, ""priceEffect"": 0.03, ""label"": ""flat""}]",news_rush_003a,100,0.5,0
news_rush_002b,chain_resource_rush,1,Official,NEWS_RUSH_002B_TITLE,NEWS_RUSH_002B_SUMMARY,{},mining|materials,Negative,0.85,0.18,3,"[{""probability"": 0.80, ""priceEffect"": -0.12, ""label"": ""vein_bust""}, {""probability"": 0.20, ""priceEffect"": -0.02, ""label"": ""flat""}]",news_rush_003b,100,0.0,0
news_rush_003a,chain_resource_rush,2,Fade,NEWS_RUSH_003A_TITLE,NEWS_RUSH_003A_SUMMARY,{},mining|materials,Neutral,0.3,0.0,2,"[{""probability"": 1.0, ""priceEffect"": 0.02, ""label"": ""fade""}]",,,0.0,0
news_rush_003b,chain_resource_rush,2,Fade,NEWS_RUSH_003B_TITLE,NEWS_RUSH_003B_SUMMARY,{},mining,Neutral,0.35,0.0,2,"[{""probability"": 1.0, ""priceEffect"": -0.03, ""label"": ""normalization""}]",,,0.0,0
news_oil_001,chain_oil_shock,0,Rumor,NEWS_OIL_001_TITLE,NEWS_OIL_001_SUMMARY,{},energy,Positive,0.7,0.12,3,"[{""probability"": 0.65, ""priceEffect"": 0.07, ""label"": ""rumor_rise""}, {""probability"": 0.35, ""priceEffect"": -0.01, ""label"": ""flat""}]",news_oil_002a|news_oil_002b,55|45,0.4,24
news_oil_002a,chain_oil_shock,1,Official,NEWS_OIL_002A_TITLE,NEWS_OIL_002A_SUMMARY,{},energy,Positive,0.95,0.18,3,"[{""probability"": 0.75, ""priceEffect"": 0.14, ""label"": ""supply_cut""}, {""probability"": 0.25, ""priceEffect"": 0.02, ""label"": ""flat""}]",news_oil_003a,100,0.5,0
news_oil_002b,chain_oil_shock,1,Official,NEWS_OIL_002B_TITLE,NEWS_OIL_002B_SUMMARY,{},energy,Negative,0.9,0.18,3,"[{""probability"": 0.78, ""priceEffect"": -0.11, ""label"": ""price_war""}, {""probability"": 0.22, ""priceEffect"": -0.02, ""label"": ""flat""}]",news_oil_003b,100,0.0,0
news_oil_003a,chain_oil_shock,2,Fade,NEWS_OIL_003A_TITLE,NEWS_OIL_003A_SUMMARY,{},energy,Neutral,0.3,0.0,2,"[{""probability"": 1.0, ""priceEffect"": 0.0, ""label"": ""fade""}]",,,0.0,0
news_oil_003b,chain_oil_shock,2,Fade,NEWS_OIL_003B_TITLE,NEWS_OIL_003B_SUMMARY,{},energy,Neutral,0.3,0.0,2,"[{""probability"": 1.0, ""priceEffect"": -0.02, ""label"": ""normalization""}]",,,0.0,0
news_game_001,chain_game_boom,0,Rumor,NEWS_GAME_001_TITLE,NEWS_GAME_001_SUMMARY,{},software,Positive,0.7,0.13,3,"[{""probability"": 0.70, ""priceEffect"": 0.08, ""label"": ""hype_rise""}, {""probability"": 0.30, ""priceEffect"": 0.0, ""label"": ""flat""}]",news_game_002a|news_game_002b,60|40,0.4,22
news_game_002a,chain_game_boom,1,Official,NEWS_GAME_002A_TITLE,NEWS_GAME_002A_SUMMARY,{},software,Positive,0.95,0.18,3,"[{""probability"": 0.80, ""priceEffect"": 0.15, ""label"": ""launch_hit""}, {""probability"": 0.20, ""priceEffect"": 0.03, ""label"": ""flat""}]",news_game_003a,100,0.5,0
news_game_002b,chain_game_boom,1,Official,NEWS_GAME_002B_TITLE,NEWS_GAME_002B_SUMMARY,{},software,Negative,0.88,0.18,3,"[{""probability"": 0.78, ""priceEffect"": -0.12, ""label"": ""launch_flop""}, {""probability"": 0.22, ""priceEffect"": -0.02, ""label"": ""flat""}]",news_game_003b,100,0.0,0
news_game_003a,chain_game_boom,2,Fade,NEWS_GAME_003A_TITLE,NEWS_GAME_003A_SUMMARY,{},software,Neutral,0.3,0.0,2,"[{""probability"": 1.0, ""priceEffect"": 0.02, ""label"": ""fade""}]",,,0.0,0
news_game_003b,chain_game_boom,2,Fade,NEWS_GAME_003B_TITLE,NEWS_GAME_003B_SUMMARY,{},software,Neutral,0.3,0.0,2,"[{""probability"": 1.0, ""priceEffect"": -0.02, ""label"": ""normalization""}]",,,0.0,0
news_bank_001,chain_bank_stress,0,Rumor,NEWS_BANK_001_TITLE,NEWS_BANK_001_SUMMARY,{},consumer|software,Negative,0.7,0.12,3,"[{""probability"": 0.72, ""priceEffect"": -0.08, ""label"": ""rumor_drop""}, {""probability"": 0.28, ""priceEffect"": 0.0, ""label"": ""flat""}]",news_bank_002a|news_bank_002b,45|55,0.4,28
news_bank_002a,chain_bank_stress,1,Official,NEWS_BANK_002A_TITLE,NEWS_BANK_002A_SUMMARY,{},consumer,Negative,1.0,0.22,3,"[{""probability"": 0.78, ""priceEffect"": -0.14, ""label"": ""bailout""}, {""probability"": 0.22, ""priceEffect"": -0.03, ""label"": ""priced_in""}]",news_bank_003a,100,0.5,0
news_bank_002b,chain_bank_stress,1,Official,NEWS_BANK_002B_TITLE,NEWS_BANK_002B_SUMMARY,{},consumer,Positive,0.85,0.12,3,"[{""probability"": 0.80, ""priceEffect"": 0.10, ""label"": ""all_clear""}, {""probability"": 0.20, ""priceEffect"": 0.01, ""label"": ""flat""}]",news_bank_003b,100,0.0,0
news_bank_003a,chain_bank_stress,2,Fade,NEWS_BANK_003A_TITLE,NEWS_BANK_003A_SUMMARY,{},consumer,Neutral,0.35,0.0,2,"[{""probability"": 1.0, ""priceEffect"": 0.02, ""label"": ""recovery""}]",,,0.0,0
news_bank_003b,chain_bank_stress,2,Fade,NEWS_BANK_003B_TITLE,NEWS_BANK_003B_SUMMARY,{},consumer,Neutral,0.3,0.0,2,"[{""probability"": 1.0, ""priceEffect"": 0.0, ""label"": ""fade""}]",,,0.0,0
news_strike_001,chain_logistics_strike,0,Rumor,NEWS_STRIKE_001_TITLE,NEWS_STRIKE_001_SUMMARY,{},logistics|transport,Negative,0.7,0.12,3,"[{""probability"": 0.70, ""priceEffect"": -0.07, ""label"": ""strike_fear""}, {""probability"": 0.30, ""priceEffect"": -0.01, ""label"": ""flat""}]",news_strike_002a|news_strike_002b,50|50,0.4,22
news_strike_002a,chain_logistics_strike,1,Official,NEWS_STRIKE_002A_TITLE,NEWS_STRIKE_002A_SUMMARY,{},logistics|transport,Negative,0.95,0.20,3,"[{""probability"": 0.78, ""priceEffect"": -0.13, ""label"": ""strike_on""}, {""probability"": 0.22, ""priceEffect"": -0.03, ""label"": ""priced_in""}]",news_strike_003a,100,0.5,0
news_strike_002b,chain_logistics_strike,1,Official,NEWS_STRIKE_002B_TITLE,NEWS_STRIKE_002B_SUMMARY,{},logistics|transport,Positive,0.85,0.14,3,"[{""probability"": 0.80, ""priceEffect"": 0.11, ""label"": ""deal_reached""}, {""probability"": 0.20, ""priceEffect"": 0.02, ""label"": ""flat""}]",news_strike_003b,100,0.0,0
news_strike_003a,chain_logistics_strike,2,Fade,NEWS_STRIKE_003A_TITLE,NEWS_STRIKE_003A_SUMMARY,{},logistics|transport,Neutral,0.35,0.0,2,"[{""probability"": 1.0, ""priceEffect"": 0.02, ""label"": ""recovery""}]",,,0.0,0
news_strike_003b,chain_logistics_strike,2,Fade,NEWS_STRIKE_003B_TITLE,NEWS_STRIKE_003B_SUMMARY,{},logistics,Neutral,0.3,0.0,2,"[{""probability"": 1.0, ""priceEffect"": 0.0, ""label"": ""fade""}]",,,0.0,0
news_indie_mine_001,,0,Official,NEWS_INDIE_MINE_001_TITLE,NEWS_INDIE_MINE_001_SUMMARY,{},mining|materials,Negative,0.85,0.15,3,"[{""probability"": 0.75, ""priceEffect"": -0.10, ""label"": ""mine_collapse""}, {""probability"": 0.25, ""priceEffect"": -0.02, ""label"": ""flat""}]",,,0.0,24
news_indie_metal_001,,0,Official,NEWS_INDIE_METAL_001_TITLE,NEWS_INDIE_METAL_001_SUMMARY,{},materials|mining,Positive,0.8,0.12,2,"[{""probability"": 0.76, ""priceEffect"": 0.10, ""label"": ""metal_rally""}, {""probability"": 0.24, ""priceEffect"": 0.02, ""label"": ""flat""}]",,,0.0,22
news_indie_luxury_001,,0,Official,NEWS_INDIE_LUXURY_001_TITLE,NEWS_INDIE_LUXURY_001_SUMMARY,{},consumer|retail,Positive,0.75,0.10,2,"[{""probability"": 0.74, ""priceEffect"": 0.08, ""label"": ""luxury_boom""}, {""probability"": 0.26, ""priceEffect"": 0.01, ""label"": ""flat""}]",,,0.0,20
news_meme_001,chain_meme_surge,0,Rumor,NEWS_MEME_001_TITLE,NEWS_MEME_001_SUMMARY,{},consumer,Positive,0.7,0.20,2,"[{""probability"": 0.70, ""priceEffect"": 0.05, ""label"": ""accumulate""}, {""probability"": 0.30, ""priceEffect"": 0.01, ""label"": ""flat""}]",news_meme_002,100,0.4,30,0
news_meme_002,chain_meme_surge,1,Official,NEWS_MEME_002_TITLE,NEWS_MEME_002_SUMMARY,{},consumer,Positive,0.8,0.45,3,"[{""probability"": 0.70, ""priceEffect"": 0.17, ""label"": ""moon""}, {""probability"": 0.20, ""priceEffect"": 0.06, ""label"": ""pump""}, {""probability"": 0.10, ""priceEffect"": -0.05, ""label"": ""fizzle""}]",news_meme_003,100,0.0,30,1
news_meme_003,chain_meme_surge,2,Official,NEWS_MEME_003_TITLE,NEWS_MEME_003_SUMMARY,{},consumer,Negative,0.7,0.30,5,"[{""probability"": 0.75, ""priceEffect"": -0.06, ""label"": ""dump""}, {""probability"": 0.25, ""priceEffect"": -0.02, ""label"": ""slow_bleed""}]",news_meme_004,100,0.0,30,1
news_meme_004,chain_meme_surge,3,Fade,NEWS_MEME_004_TITLE,NEWS_MEME_004_SUMMARY,{},consumer,Neutral,0.3,0.0,8,"[{""probability"": 1.0, ""priceEffect"": 0.0, ""label"": ""forgotten""}]",,,0.0,30,0
news_resq_001,chain_resource_squeeze,0,Rumor,NEWS_RESQ_001_TITLE,NEWS_RESQ_001_SUMMARY,{},materials,Positive,0.7,0.20,2,"[{""probability"": 0.70, ""priceEffect"": 0.05, ""label"": ""accumulate""}, {""probability"": 0.30, ""priceEffect"": 0.01, ""label"": ""flat""}]",news_resq_002,100,0.4,30,0
news_resq_002,chain_resource_squeeze,1,Official,NEWS_RESQ_002_TITLE,NEWS_RESQ_002_SUMMARY,{},materials,Positive,0.8,0.45,3,"[{""probability"": 0.70, ""priceEffect"": 0.17, ""label"": ""moon""}, {""probability"": 0.20, ""priceEffect"": 0.06, ""label"": ""pump""}, {""probability"": 0.10, ""priceEffect"": -0.05, ""label"": ""fizzle""}]",news_resq_003,100,0.0,30,1
news_resq_003,chain_resource_squeeze,2,Official,NEWS_RESQ_003_TITLE,NEWS_RESQ_003_SUMMARY,{},materials,Negative,0.7,0.30,5,"[{""probability"": 0.75, ""priceEffect"": -0.06, ""label"": ""dump""}, {""probability"": 0.25, ""priceEffect"": -0.02, ""label"": ""slow_bleed""}]",news_resq_004,100,0.0,30,1
news_resq_004,chain_resource_squeeze,3,Fade,NEWS_RESQ_004_TITLE,NEWS_RESQ_004_SUMMARY,{},materials,Neutral,0.3,0.0,8,"[{""probability"": 1.0, ""priceEffect"": 0.0, ""label"": ""forgotten""}]",,,0.0,30,0
news_techm_001,chain_tech_mania,0,Rumor,NEWS_TECHM_001_TITLE,NEWS_TECHM_001_SUMMARY,{},software,Positive,0.7,0.20,2,"[{""probability"": 0.70, ""priceEffect"": 0.05, ""label"": ""accumulate""}, {""probability"": 0.30, ""priceEffect"": 0.01, ""label"": ""flat""}]",news_techm_002,100,0.4,30,0
news_techm_002,chain_tech_mania,1,Official,NEWS_TECHM_002_TITLE,NEWS_TECHM_002_SUMMARY,{},software,Positive,0.8,0.45,3,"[{""probability"": 0.70, ""priceEffect"": 0.17, ""label"": ""moon""}, {""probability"": 0.20, ""priceEffect"": 0.06, ""label"": ""pump""}, {""probability"": 0.10, ""priceEffect"": -0.05, ""label"": ""fizzle""}]",news_techm_003,100,0.0,30,1
news_techm_003,chain_tech_mania,2,Official,NEWS_TECHM_003_TITLE,NEWS_TECHM_003_SUMMARY,{},software,Negative,0.7,0.30,5,"[{""probability"": 0.75, ""priceEffect"": -0.06, ""label"": ""dump""}, {""probability"": 0.25, ""priceEffect"": -0.02, ""label"": ""slow_bleed""}]",news_techm_004,100,0.0,30,1
news_techm_004,chain_tech_mania,3,Fade,NEWS_TECHM_004_TITLE,NEWS_TECHM_004_SUMMARY,{},software,Neutral,0.3,0.0,8,"[{""probability"": 1.0, ""priceEffect"": 0.0, ""label"": ""forgotten""}]",,,0.0,30,0
news_robotics_boom_001,chain_robotics_boom,0,Rumor,NEWS_ROBOTICS_BOOM_001_TITLE,NEWS_ROBOTICS_BOOM_001_SUMMARY,{},hardware|transport,Positive,0.7,0.13,3,"[{""probability"": 0.68, ""priceEffect"": 0.08, ""label"": ""rumor_move""}, {""probability"": 0.32, ""priceEffect"": 0.01, ""label"": ""flat""}]",news_robotics_boom_002a|news_robotics_boom_002b,60|40,0.45,22,0
news_robotics_boom_002a,chain_robotics_boom,1,Official,NEWS_ROBOTICS_BOOM_002A_TITLE,NEWS_ROBOTICS_BOOM_002A_SUMMARY,{},hardware|transport,Positive,1.0,0.24,3,"[{""probability"": 0.8, ""priceEffect"": 0.16, ""label"": ""confirmed""}, {""probability"": 0.2, ""priceEffect"": 0.03, ""label"": ""priced_in""}]",news_robotics_boom_003a,100,0.55,0,0
news_robotics_boom_002b,chain_robotics_boom,1,Official,NEWS_ROBOTICS_BOOM_002B_TITLE,NEWS_ROBOTICS_BOOM_002B_SUMMARY,{},hardware,Negative,0.85,0.2,3,"[{""probability"": 0.78, ""priceEffect"": -0.12, ""label"": ""reversal""}, {""probability"": 0.22, ""priceEffect"": -0.02, ""label"": ""flat""}]",news_robotics_boom_003b,100,0.0,0,0
news_robotics_boom_003a,chain_robotics_boom,2,Fade,NEWS_ROBOTICS_BOOM_003A_TITLE,NEWS_ROBOTICS_BOOM_003A_SUMMARY,{},hardware|transport,Neutral,0.35,0.0,2,"[{""probability"": 1.0, ""priceEffect"": 0.02, ""label"": ""fade""}]",,,0.0,20,0
news_robotics_boom_003b,chain_robotics_boom,2,Fade,NEWS_ROBOTICS_BOOM_003B_TITLE,NEWS_ROBOTICS_BOOM_003B_SUMMARY,{},hardware,Neutral,0.3,0.0,2,"[{""probability"": 1.0, ""priceEffect"": -0.03, ""label"": ""normalization""}]",,,0.0,20,0
news_cyber_attack_001,chain_cyber_attack,0,Rumor,NEWS_CYBER_ATTACK_001_TITLE,NEWS_CYBER_ATTACK_001_SUMMARY,{},software,Positive,0.7,0.13,3,"[{""probability"": 0.68, ""priceEffect"": 0.08, ""label"": ""rumor_move""}, {""probability"": 0.32, ""priceEffect"": 0.01, ""label"": ""flat""}]",news_cyber_attack_002a|news_cyber_attack_002b,60|40,0.45,22,0
news_cyber_attack_002a,chain_cyber_attack,1,Official,NEWS_CYBER_ATTACK_002A_TITLE,NEWS_CYBER_ATTACK_002A_SUMMARY,{},software,Positive,1.0,0.24,3,"[{""probability"": 0.8, ""priceEffect"": 0.16, ""label"": ""confirmed""}, {""probability"": 0.2, ""priceEffect"": 0.03, ""label"": ""priced_in""}]",news_cyber_attack_003a,100,0.55,0,0
news_cyber_attack_002b,chain_cyber_attack,1,Official,NEWS_CYBER_ATTACK_002B_TITLE,NEWS_CYBER_ATTACK_002B_SUMMARY,{},software,Negative,0.85,0.2,3,"[{""probability"": 0.78, ""priceEffect"": -0.12, ""label"": ""reversal""}, {""probability"": 0.22, ""priceEffect"": -0.02, ""label"": ""flat""}]",news_cyber_attack_003b,100,0.0,0,0
news_cyber_attack_003a,chain_cyber_attack,2,Fade,NEWS_CYBER_ATTACK_003A_TITLE,NEWS_CYBER_ATTACK_003A_SUMMARY,{},software,Neutral,0.35,0.0,2,"[{""probability"": 1.0, ""priceEffect"": 0.02, ""label"": ""fade""}]",,,0.0,20,0
news_cyber_attack_003b,chain_cyber_attack,2,Fade,NEWS_CYBER_ATTACK_003B_TITLE,NEWS_CYBER_ATTACK_003B_SUMMARY,{},software,Neutral,0.3,0.0,2,"[{""probability"": 1.0, ""priceEffect"": -0.03, ""label"": ""normalization""}]",,,0.0,20,0
news_telecom_merger_001,chain_telecom_merger,0,Rumor,NEWS_TELECOM_MERGER_001_TITLE,NEWS_TELECOM_MERGER_001_SUMMARY,{},hardware,Positive,0.7,0.13,3,"[{""probability"": 0.68, ""priceEffect"": 0.08, ""label"": ""rumor_move""}, {""probability"": 0.32, ""priceEffect"": 0.01, ""label"": ""flat""}]",news_telecom_merger_002a|news_telecom_merger_002b,60|40,0.45,22,0
news_telecom_merger_002a,chain_telecom_merger,1,Official,NEWS_TELECOM_MERGER_002A_TITLE,NEWS_TELECOM_MERGER_002A_SUMMARY,{},hardware,Positive,1.0,0.24,3,"[{""probability"": 0.8, ""priceEffect"": 0.16, ""label"": ""confirmed""}, {""probability"": 0.2, ""priceEffect"": 0.03, ""label"": ""priced_in""}]",news_telecom_merger_003a,100,0.55,0,0
news_telecom_merger_002b,chain_telecom_merger,1,Official,NEWS_TELECOM_MERGER_002B_TITLE,NEWS_TELECOM_MERGER_002B_SUMMARY,{},hardware,Negative,0.85,0.2,3,"[{""probability"": 0.78, ""priceEffect"": -0.12, ""label"": ""reversal""}, {""probability"": 0.22, ""priceEffect"": -0.02, ""label"": ""flat""}]",news_telecom_merger_003b,100,0.0,0,0
news_telecom_merger_003a,chain_telecom_merger,2,Fade,NEWS_TELECOM_MERGER_003A_TITLE,NEWS_TELECOM_MERGER_003A_SUMMARY,{},hardware,Neutral,0.35,0.0,2,"[{""probability"": 1.0, ""priceEffect"": 0.02, ""label"": ""fade""}]",,,0.0,20,0
news_telecom_merger_003b,chain_telecom_merger,2,Fade,NEWS_TELECOM_MERGER_003B_TITLE,NEWS_TELECOM_MERGER_003B_SUMMARY,{},hardware,Neutral,0.3,0.0,2,"[{""probability"": 1.0, ""priceEffect"": -0.03, ""label"": ""normalization""}]",,,0.0,20,0
news_agri_drought_001,chain_agri_drought,0,Rumor,NEWS_AGRI_DROUGHT_001_TITLE,NEWS_AGRI_DROUGHT_001_SUMMARY,{},agriculture|food,Negative,0.7,0.13,3,"[{""probability"": 0.68, ""priceEffect"": -0.08, ""label"": ""rumor_move""}, {""probability"": 0.32, ""priceEffect"": -0.01, ""label"": ""flat""}]",news_agri_drought_002a|news_agri_drought_002b,60|40,0.45,22,0
news_agri_drought_002a,chain_agri_drought,1,Official,NEWS_AGRI_DROUGHT_002A_TITLE,NEWS_AGRI_DROUGHT_002A_SUMMARY,{},agriculture|food,Negative,1.0,0.24,3,"[{""probability"": 0.8, ""priceEffect"": -0.16, ""label"": ""confirmed""}, {""probability"": 0.2, ""priceEffect"": -0.03, ""label"": ""priced_in""}]",news_agri_drought_003a,100,0.55,0,0
news_agri_drought_002b,chain_agri_drought,1,Official,NEWS_AGRI_DROUGHT_002B_TITLE,NEWS_AGRI_DROUGHT_002B_SUMMARY,{},agriculture,Positive,0.85,0.2,3,"[{""probability"": 0.78, ""priceEffect"": 0.12, ""label"": ""reversal""}, {""probability"": 0.22, ""priceEffect"": 0.02, ""label"": ""flat""}]",news_agri_drought_003b,100,0.0,0,0
news_agri_drought_003a,chain_agri_drought,2,Fade,NEWS_AGRI_DROUGHT_003A_TITLE,NEWS_AGRI_DROUGHT_003A_SUMMARY,{},agriculture|food,Neutral,0.35,0.0,2,"[{""probability"": 1.0, ""priceEffect"": -0.02, ""label"": ""fade""}]",,,0.0,20,0
news_agri_drought_003b,chain_agri_drought,2,Fade,NEWS_AGRI_DROUGHT_003B_TITLE,NEWS_AGRI_DROUGHT_003B_SUMMARY,{},agriculture,Neutral,0.3,0.0,2,"[{""probability"": 1.0, ""priceEffect"": 0.03, ""label"": ""normalization""}]",,,0.0,20,0
news_tourism_reopen_001,chain_tourism_reopen,0,Rumor,NEWS_TOURISM_REOPEN_001_TITLE,NEWS_TOURISM_REOPEN_001_SUMMARY,{},tourism|transport,Positive,0.7,0.13,3,"[{""probability"": 0.68, ""priceEffect"": 0.08, ""label"": ""rumor_move""}, {""probability"": 0.32, ""priceEffect"": 0.01, ""label"": ""flat""}]",news_tourism_reopen_002a|news_tourism_reopen_002b,60|40,0.45,22,0
news_tourism_reopen_002a,chain_tourism_reopen,1,Official,NEWS_TOURISM_REOPEN_002A_TITLE,NEWS_TOURISM_REOPEN_002A_SUMMARY,{},tourism|transport,Positive,1.0,0.24,3,"[{""probability"": 0.8, ""priceEffect"": 0.16, ""label"": ""confirmed""}, {""probability"": 0.2, ""priceEffect"": 0.03, ""label"": ""priced_in""}]",news_tourism_reopen_003a,100,0.55,0,0
news_tourism_reopen_002b,chain_tourism_reopen,1,Official,NEWS_TOURISM_REOPEN_002B_TITLE,NEWS_TOURISM_REOPEN_002B_SUMMARY,{},tourism,Negative,0.85,0.2,3,"[{""probability"": 0.78, ""priceEffect"": -0.12, ""label"": ""reversal""}, {""probability"": 0.22, ""priceEffect"": -0.02, ""label"": ""flat""}]",news_tourism_reopen_003b,100,0.0,0,0
news_tourism_reopen_003a,chain_tourism_reopen,2,Fade,NEWS_TOURISM_REOPEN_003A_TITLE,NEWS_TOURISM_REOPEN_003A_SUMMARY,{},tourism|transport,Neutral,0.35,0.0,2,"[{""probability"": 1.0, ""priceEffect"": 0.02, ""label"": ""fade""}]",,,0.0,20,0
news_tourism_reopen_003b,chain_tourism_reopen,2,Fade,NEWS_TOURISM_REOPEN_003B_TITLE,NEWS_TOURISM_REOPEN_003B_SUMMARY,{},tourism,Neutral,0.3,0.0,2,"[{""probability"": 1.0, ""priceEffect"": -0.03, ""label"": ""normalization""}]",,,0.0,20,0
news_ecommerce_war_001,chain_ecommerce_war,0,Rumor,NEWS_ECOMMERCE_WAR_001_TITLE,NEWS_ECOMMERCE_WAR_001_SUMMARY,{},ecommerce|retail,Negative,0.7,0.13,3,"[{""probability"": 0.68, ""priceEffect"": -0.08, ""label"": ""rumor_move""}, {""probability"": 0.32, ""priceEffect"": -0.01, ""label"": ""flat""}]",news_ecommerce_war_002a|news_ecommerce_war_002b,60|40,0.45,22,0
news_ecommerce_war_002a,chain_ecommerce_war,1,Official,NEWS_ECOMMERCE_WAR_002A_TITLE,NEWS_ECOMMERCE_WAR_002A_SUMMARY,{},ecommerce|retail,Negative,1.0,0.24,3,"[{""probability"": 0.8, ""priceEffect"": -0.16, ""label"": ""confirmed""}, {""probability"": 0.2, ""priceEffect"": -0.03, ""label"": ""priced_in""}]",news_ecommerce_war_003a,100,0.55,0,0
news_ecommerce_war_002b,chain_ecommerce_war,1,Official,NEWS_ECOMMERCE_WAR_002B_TITLE,NEWS_ECOMMERCE_WAR_002B_SUMMARY,{},ecommerce,Positive,0.85,0.2,3,"[{""probability"": 0.78, ""priceEffect"": 0.12, ""label"": ""reversal""}, {""probability"": 0.22, ""priceEffect"": 0.02, ""label"": ""flat""}]",news_ecommerce_war_003b,100,0.0,0,0
news_ecommerce_war_003a,chain_ecommerce_war,2,Fade,NEWS_ECOMMERCE_WAR_003A_TITLE,NEWS_ECOMMERCE_WAR_003A_SUMMARY,{},ecommerce|retail,Neutral,0.35,0.0,2,"[{""probability"": 1.0, ""priceEffect"": -0.02, ""label"": ""fade""}]",,,0.0,20,0
news_ecommerce_war_003b,chain_ecommerce_war,2,Fade,NEWS_ECOMMERCE_WAR_003B_TITLE,NEWS_ECOMMERCE_WAR_003B_SUMMARY,{},ecommerce,Neutral,0.3,0.0,2,"[{""probability"": 1.0, ""priceEffect"": 0.03, ""label"": ""normalization""}]",,,0.0,20,0
news_chemical_spill_001,chain_chemical_spill,0,Rumor,NEWS_CHEMICAL_SPILL_001_TITLE,NEWS_CHEMICAL_SPILL_001_SUMMARY,{},chemical|materials,Negative,0.7,0.13,3,"[{""probability"": 0.68, ""priceEffect"": -0.08, ""label"": ""rumor_move""}, {""probability"": 0.32, ""priceEffect"": -0.01, ""label"": ""flat""}]",news_chemical_spill_002a|news_chemical_spill_002b,60|40,0.45,22,0
news_chemical_spill_002a,chain_chemical_spill,1,Official,NEWS_CHEMICAL_SPILL_002A_TITLE,NEWS_CHEMICAL_SPILL_002A_SUMMARY,{},chemical|materials,Negative,1.0,0.24,3,"[{""probability"": 0.8, ""priceEffect"": -0.16, ""label"": ""confirmed""}, {""probability"": 0.2, ""priceEffect"": -0.03, ""label"": ""priced_in""}]",news_chemical_spill_003a,100,0.55,0,0
news_chemical_spill_002b,chain_chemical_spill,1,Official,NEWS_CHEMICAL_SPILL_002B_TITLE,NEWS_CHEMICAL_SPILL_002B_SUMMARY,{},chemical,Positive,0.85,0.2,3,"[{""probability"": 0.78, ""priceEffect"": 0.12, ""label"": ""reversal""}, {""probability"": 0.22, ""priceEffect"": 0.02, ""label"": ""flat""}]",news_chemical_spill_003b,100,0.0,0,0
news_chemical_spill_003a,chain_chemical_spill,2,Fade,NEWS_CHEMICAL_SPILL_003A_TITLE,NEWS_CHEMICAL_SPILL_003A_SUMMARY,{},chemical|materials,Neutral,0.35,0.0,2,"[{""probability"": 1.0, ""priceEffect"": -0.02, ""label"": ""fade""}]",,,0.0,20,0
news_chemical_spill_003b,chain_chemical_spill,2,Fade,NEWS_CHEMICAL_SPILL_003B_TITLE,NEWS_CHEMICAL_SPILL_003B_SUMMARY,{},chemical,Neutral,0.3,0.0,2,"[{""probability"": 1.0, ""priceEffect"": 0.03, ""label"": ""normalization""}]",,,0.0,20,0
news_construction_boom_001,chain_construction_boom,0,Rumor,NEWS_CONSTRUCTION_BOOM_001_TITLE,NEWS_CONSTRUCTION_BOOM_001_SUMMARY,{},construction|materials,Positive,0.7,0.13,3,"[{""probability"": 0.68, ""priceEffect"": 0.08, ""label"": ""rumor_move""}, {""probability"": 0.32, ""priceEffect"": 0.01, ""label"": ""flat""}]",news_construction_boom_002a|news_construction_boom_002b,60|40,0.45,22,0
news_construction_boom_002a,chain_construction_boom,1,Official,NEWS_CONSTRUCTION_BOOM_002A_TITLE,NEWS_CONSTRUCTION_BOOM_002A_SUMMARY,{},construction|materials,Positive,1.0,0.24,3,"[{""probability"": 0.8, ""priceEffect"": 0.16, ""label"": ""confirmed""}, {""probability"": 0.2, ""priceEffect"": 0.03, ""label"": ""priced_in""}]",news_construction_boom_003a,100,0.55,0,0
news_construction_boom_002b,chain_construction_boom,1,Official,NEWS_CONSTRUCTION_BOOM_002B_TITLE,NEWS_CONSTRUCTION_BOOM_002B_SUMMARY,{},construction,Negative,0.85,0.2,3,"[{""probability"": 0.78, ""priceEffect"": -0.12, ""label"": ""reversal""}, {""probability"": 0.22, ""priceEffect"": -0.02, ""label"": ""flat""}]",news_construction_boom_003b,100,0.0,0,0
news_construction_boom_003a,chain_construction_boom,2,Fade,NEWS_CONSTRUCTION_BOOM_003A_TITLE,NEWS_CONSTRUCTION_BOOM_003A_SUMMARY,{},construction|materials,Neutral,0.35,0.0,2,"[{""probability"": 1.0, ""priceEffect"": 0.02, ""label"": ""fade""}]",,,0.0,20,0
news_construction_boom_003b,chain_construction_boom,2,Fade,NEWS_CONSTRUCTION_BOOM_003B_TITLE,NEWS_CONSTRUCTION_BOOM_003B_SUMMARY,{},construction,Neutral,0.3,0.0,2,"[{""probability"": 1.0, ""priceEffect"": -0.03, ""label"": ""normalization""}]",,,0.0,20,0
news_automotive_recall_001,chain_automotive_recall,0,Rumor,NEWS_AUTOMOTIVE_RECALL_001_TITLE,NEWS_AUTOMOTIVE_RECALL_001_SUMMARY,{},transport|hardware,Negative,0.7,0.13,3,"[{""probability"": 0.68, ""priceEffect"": -0.08, ""label"": ""rumor_move""}, {""probability"": 0.32, ""priceEffect"": -0.01, ""label"": ""flat""}]",news_automotive_recall_002a|news_automotive_recall_002b,60|40,0.45,22,0
news_automotive_recall_002a,chain_automotive_recall,1,Official,NEWS_AUTOMOTIVE_RECALL_002A_TITLE,NEWS_AUTOMOTIVE_RECALL_002A_SUMMARY,{},transport|hardware,Negative,1.0,0.24,3,"[{""probability"": 0.8, ""priceEffect"": -0.16, ""label"": ""confirmed""}, {""probability"": 0.2, ""priceEffect"": -0.03, ""label"": ""priced_in""}]",news_automotive_recall_003a,100,0.55,0,0
news_automotive_recall_002b,chain_automotive_recall,1,Official,NEWS_AUTOMOTIVE_RECALL_002B_TITLE,NEWS_AUTOMOTIVE_RECALL_002B_SUMMARY,{},transport,Positive,0.85,0.2,3,"[{""probability"": 0.78, ""priceEffect"": 0.12, ""label"": ""reversal""}, {""probability"": 0.22, ""priceEffect"": 0.02, ""label"": ""flat""}]",news_automotive_recall_003b,100,0.0,0,0
news_automotive_recall_003a,chain_automotive_recall,2,Fade,NEWS_AUTOMOTIVE_RECALL_003A_TITLE,NEWS_AUTOMOTIVE_RECALL_003A_SUMMARY,{},transport|hardware,Neutral,0.35,0.0,2,"[{""probability"": 1.0, ""priceEffect"": -0.02, ""label"": ""fade""}]",,,0.0,20,0
news_automotive_recall_003b,chain_automotive_recall,2,Fade,NEWS_AUTOMOTIVE_RECALL_003B_TITLE,NEWS_AUTOMOTIVE_RECALL_003B_SUMMARY,{},transport,Neutral,0.3,0.0,2,"[{""probability"": 1.0, ""priceEffect"": 0.03, ""label"": ""normalization""}]",,,0.0,20,0
news_health_reform_001,chain_health_reform,0,Rumor,NEWS_HEALTH_REFORM_001_TITLE,NEWS_HEALTH_REFORM_001_SUMMARY,{},bio|pharma,Negative,0.7,0.13,3,"[{""probability"": 0.68, ""priceEffect"": -0.08, ""label"": ""rumor_move""}, {""probability"": 0.32, ""priceEffect"": -0.01, ""label"": ""flat""}]",news_health_reform_002a|news_health_reform_002b,60|40,0.45,22,0
news_health_reform_002a,chain_health_reform,1,Official,NEWS_HEALTH_REFORM_002A_TITLE,NEWS_HEALTH_REFORM_002A_SUMMARY,{},bio|pharma,Negative,1.0,0.24,3,"[{""probability"": 0.8, ""priceEffect"": -0.16, ""label"": ""confirmed""}, {""probability"": 0.2, ""priceEffect"": -0.03, ""label"": ""priced_in""}]",news_health_reform_003a,100,0.55,0,0
news_health_reform_002b,chain_health_reform,1,Official,NEWS_HEALTH_REFORM_002B_TITLE,NEWS_HEALTH_REFORM_002B_SUMMARY,{},bio,Positive,0.85,0.2,3,"[{""probability"": 0.78, ""priceEffect"": 0.12, ""label"": ""reversal""}, {""probability"": 0.22, ""priceEffect"": 0.02, ""label"": ""flat""}]",news_health_reform_003b,100,0.0,0,0
news_health_reform_003a,chain_health_reform,2,Fade,NEWS_HEALTH_REFORM_003A_TITLE,NEWS_HEALTH_REFORM_003A_SUMMARY,{},bio|pharma,Neutral,0.35,0.0,2,"[{""probability"": 1.0, ""priceEffect"": -0.02, ""label"": ""fade""}]",,,0.0,20,0
news_health_reform_003b,chain_health_reform,2,Fade,NEWS_HEALTH_REFORM_003B_TITLE,NEWS_HEALTH_REFORM_003B_SUMMARY,{},bio,Neutral,0.3,0.0,2,"[{""probability"": 1.0, ""priceEffect"": 0.03, ""label"": ""normalization""}]",,,0.0,20,0
news_crypto_crackdown_001,chain_crypto_crackdown,0,Rumor,NEWS_CRYPTO_CRACKDOWN_001_TITLE,NEWS_CRYPTO_CRACKDOWN_001_SUMMARY,{},software|consumer,Negative,0.7,0.13,3,"[{""probability"": 0.68, ""priceEffect"": -0.08, ""label"": ""rumor_move""}, {""probability"": 0.32, ""priceEffect"": -0.01, ""label"": ""flat""}]",news_crypto_crackdown_002a|news_crypto_crackdown_002b,60|40,0.45,22,0
news_crypto_crackdown_002a,chain_crypto_crackdown,1,Official,NEWS_CRYPTO_CRACKDOWN_002A_TITLE,NEWS_CRYPTO_CRACKDOWN_002A_SUMMARY,{},software|consumer,Negative,1.0,0.24,3,"[{""probability"": 0.8, ""priceEffect"": -0.16, ""label"": ""confirmed""}, {""probability"": 0.2, ""priceEffect"": -0.03, ""label"": ""priced_in""}]",news_crypto_crackdown_003a,100,0.55,0,0
news_crypto_crackdown_002b,chain_crypto_crackdown,1,Official,NEWS_CRYPTO_CRACKDOWN_002B_TITLE,NEWS_CRYPTO_CRACKDOWN_002B_SUMMARY,{},software,Positive,0.85,0.2,3,"[{""probability"": 0.78, ""priceEffect"": 0.12, ""label"": ""reversal""}, {""probability"": 0.22, ""priceEffect"": 0.02, ""label"": ""flat""}]",news_crypto_crackdown_003b,100,0.0,0,0
news_crypto_crackdown_003a,chain_crypto_crackdown,2,Fade,NEWS_CRYPTO_CRACKDOWN_003A_TITLE,NEWS_CRYPTO_CRACKDOWN_003A_SUMMARY,{},software|consumer,Neutral,0.35,0.0,2,"[{""probability"": 1.0, ""priceEffect"": -0.02, ""label"": ""fade""}]",,,0.0,20,0
news_crypto_crackdown_003b,chain_crypto_crackdown,2,Fade,NEWS_CRYPTO_CRACKDOWN_003B_TITLE,NEWS_CRYPTO_CRACKDOWN_003B_SUMMARY,{},software,Neutral,0.3,0.0,2,"[{""probability"": 1.0, ""priceEffect"": 0.03, ""label"": ""normalization""}]",,,0.0,20,0
news_food_safety_001,chain_food_safety,0,Rumor,NEWS_FOOD_SAFETY_001_TITLE,NEWS_FOOD_SAFETY_001_SUMMARY,{},food|consumer,Negative,0.7,0.13,3,"[{""probability"": 0.68, ""priceEffect"": -0.08, ""label"": ""rumor_move""}, {""probability"": 0.32, ""priceEffect"": -0.01, ""label"": ""flat""}]",news_food_safety_002a|news_food_safety_002b,60|40,0.45,22,0
news_food_safety_002a,chain_food_safety,1,Official,NEWS_FOOD_SAFETY_002A_TITLE,NEWS_FOOD_SAFETY_002A_SUMMARY,{},food|consumer,Negative,1.0,0.24,3,"[{""probability"": 0.8, ""priceEffect"": -0.16, ""label"": ""confirmed""}, {""probability"": 0.2, ""priceEffect"": -0.03, ""label"": ""priced_in""}]",news_food_safety_003a,100,0.55,0,0
news_food_safety_002b,chain_food_safety,1,Official,NEWS_FOOD_SAFETY_002B_TITLE,NEWS_FOOD_SAFETY_002B_SUMMARY,{},food,Positive,0.85,0.2,3,"[{""probability"": 0.78, ""priceEffect"": 0.12, ""label"": ""reversal""}, {""probability"": 0.22, ""priceEffect"": 0.02, ""label"": ""flat""}]",news_food_safety_003b,100,0.0,0,0
news_food_safety_003a,chain_food_safety,2,Fade,NEWS_FOOD_SAFETY_003A_TITLE,NEWS_FOOD_SAFETY_003A_SUMMARY,{},food|consumer,Neutral,0.35,0.0,2,"[{""probability"": 1.0, ""priceEffect"": -0.02, ""label"": ""fade""}]",,,0.0,20,0
news_food_safety_003b,chain_food_safety,2,Fade,NEWS_FOOD_SAFETY_003B_TITLE,NEWS_FOOD_SAFETY_003B_SUMMARY,{},food,Neutral,0.3,0.0,2,"[{""probability"": 1.0, ""priceEffect"": 0.03, ""label"": ""normalization""}]",,,0.0,20,0
news_biotech_frenzy_001,chain_biotech_frenzy,0,Rumor,NEWS_BIOTECH_FRENZY_001_TITLE,NEWS_BIOTECH_FRENZY_001_SUMMARY,{},bio,Positive,0.7,0.2,2,"[{""probability"": 0.7, ""priceEffect"": 0.05, ""label"": ""accumulate""}, {""probability"": 0.3, ""priceEffect"": 0.01, ""label"": ""flat""}]",news_biotech_frenzy_002,100,0.4,30,0
news_biotech_frenzy_002,chain_biotech_frenzy,1,Official,NEWS_BIOTECH_FRENZY_002_TITLE,NEWS_BIOTECH_FRENZY_002_SUMMARY,{},bio,Positive,0.8,0.45,3,"[{""probability"": 0.7, ""priceEffect"": 0.17, ""label"": ""moon""}, {""probability"": 0.2, ""priceEffect"": 0.06, ""label"": ""pump""}, {""probability"": 0.1, ""priceEffect"": -0.05, ""label"": ""fizzle""}]",news_biotech_frenzy_003,100,0.0,30,1
news_biotech_frenzy_003,chain_biotech_frenzy,2,Official,NEWS_BIOTECH_FRENZY_003_TITLE,NEWS_BIOTECH_FRENZY_003_SUMMARY,{},bio,Negative,0.7,0.3,5,"[{""probability"": 0.75, ""priceEffect"": -0.06, ""label"": ""dump""}, {""probability"": 0.25, ""priceEffect"": -0.02, ""label"": ""slow_bleed""}]",news_biotech_frenzy_004,100,0.0,30,1
news_biotech_frenzy_004,chain_biotech_frenzy,3,Fade,NEWS_BIOTECH_FRENZY_004_TITLE,NEWS_BIOTECH_FRENZY_004_SUMMARY,{},bio,Neutral,0.3,0.0,8,"[{""probability"": 1.0, ""priceEffect"": 0.0, ""label"": ""forgotten""}]",,,0.0,20,0
news_defense_scramble_001,chain_defense_scramble,0,Rumor,NEWS_DEFENSE_SCRAMBLE_001_TITLE,NEWS_DEFENSE_SCRAMBLE_001_SUMMARY,{},hardware,Positive,0.7,0.2,2,"[{""probability"": 0.7, ""priceEffect"": 0.05, ""label"": ""accumulate""}, {""probability"": 0.3, ""priceEffect"": 0.01, ""label"": ""flat""}]",news_defense_scramble_002,100,0.4,30,0
news_defense_scramble_002,chain_defense_scramble,1,Official,NEWS_DEFENSE_SCRAMBLE_002_TITLE,NEWS_DEFENSE_SCRAMBLE_002_SUMMARY,{},hardware,Positive,0.8,0.45,3,"[{""probability"": 0.7, ""priceEffect"": 0.17, ""label"": ""moon""}, {""probability"": 0.2, ""priceEffect"": 0.06, ""label"": ""pump""}, {""probability"": 0.1, ""priceEffect"": -0.05, ""label"": ""fizzle""}]",news_defense_scramble_003,100,0.0,30,1
news_defense_scramble_003,chain_defense_scramble,2,Official,NEWS_DEFENSE_SCRAMBLE_003_TITLE,NEWS_DEFENSE_SCRAMBLE_003_SUMMARY,{},hardware,Negative,0.7,0.3,5,"[{""probability"": 0.75, ""priceEffect"": -0.06, ""label"": ""dump""}, {""probability"": 0.25, ""priceEffect"": -0.02, ""label"": ""slow_bleed""}]",news_defense_scramble_004,100,0.0,30,1
news_defense_scramble_004,chain_defense_scramble,3,Fade,NEWS_DEFENSE_SCRAMBLE_004_TITLE,NEWS_DEFENSE_SCRAMBLE_004_SUMMARY,{},hardware,Neutral,0.3,0.0,8,"[{""probability"": 1.0, ""priceEffect"": 0.0, ""label"": ""forgotten""}]",,,0.0,20,0
news_indie_robotics_001,,0,Official,NEWS_INDIE_ROBOTICS_001_TITLE,NEWS_INDIE_ROBOTICS_001_SUMMARY,{},hardware,Positive,0.85,0.12,3,"[{""probability"": 0.7, ""priceEffect"": 0.11, ""label"": ""order_win""}, {""probability"": 0.30000000000000004, ""priceEffect"": 0.0165, ""label"": ""flat""}]",,,0.0,20,0
news_indie_cyber_001,,0,Official,NEWS_INDIE_CYBER_001_TITLE,NEWS_INDIE_CYBER_001_SUMMARY,{},software,Positive,0.8,0.13,3,"[{""probability"": 0.7, ""priceEffect"": 0.1, ""label"": ""zero_day_patch""}, {""probability"": 0.30000000000000004, ""priceEffect"": 0.015, ""label"": ""flat""}]",,,0.0,22,0
news_indie_telecom_001,,0,Official,NEWS_INDIE_TELECOM_001_TITLE,NEWS_INDIE_TELECOM_001_SUMMARY,{},telecom,Negative,0.75,0.1,2,"[{""probability"": 0.7, ""priceEffect"": -0.08, ""label"": ""outage""}, {""probability"": 0.30000000000000004, ""priceEffect"": -0.012, ""label"": ""flat""}]",,,0.0,20,0
news_indie_agri_001,,0,Official,NEWS_INDIE_AGRI_001_TITLE,NEWS_INDIE_AGRI_001_SUMMARY,{},agriculture|food,Positive,0.8,0.1,3,"[{""probability"": 0.7, ""priceEffect"": 0.09, ""label"": ""bumper_crop""}, {""probability"": 0.30000000000000004, ""priceEffect"": 0.0135, ""label"": ""flat""}]",,,0.0,22,0
news_indie_tourism_001,,0,Official,NEWS_INDIE_TOURISM_001_TITLE,NEWS_INDIE_TOURISM_001_SUMMARY,{},tourism|transport,Positive,0.8,0.11,3,"[{""probability"": 0.7, ""priceEffect"": 0.1, ""label"": ""record_bookings""}, {""probability"": 0.30000000000000004, ""priceEffect"": 0.015, ""label"": ""flat""}]",,,0.0,20,0
news_indie_ecommerce_001,,0,Official,NEWS_INDIE_ECOMMERCE_001_TITLE,NEWS_INDIE_ECOMMERCE_001_SUMMARY,{},ecommerce|retail,Positive,0.85,0.12,3,"[{""probability"": 0.7, ""priceEffect"": 0.11, ""label"": ""gmv_surge""}, {""probability"": 0.30000000000000004, ""priceEffect"": 0.0165, ""label"": ""flat""}]",,,0.0,22,0
news_indie_chemical_001,,0,Official,NEWS_INDIE_CHEMICAL_001_TITLE,NEWS_INDIE_CHEMICAL_001_SUMMARY,{},chemical|materials,Positive,0.8,0.11,3,"[{""probability"": 0.7, ""priceEffect"": 0.09, ""label"": ""spec_chem_demand""}, {""probability"": 0.30000000000000004, ""priceEffect"": 0.0135, ""label"": ""flat""}]",,,0.0,20,0
news_indie_construction_001,,0,Official,NEWS_INDIE_CONSTRUCTION_001_TITLE,NEWS_INDIE_CONSTRUCTION_001_SUMMARY,{},construction|materials,Negative,0.78,0.11,3,"[{""probability"": 0.7, ""priceEffect"": -0.08, ""label"": ""project_halt""}, {""probability"": 0.30000000000000004, ""priceEffect"": -0.012, ""label"": ""flat""}]",,,0.0,20,0
news_indie_automotive_001,,0,Official,NEWS_INDIE_AUTOMOTIVE_001_TITLE,NEWS_INDIE_AUTOMOTIVE_001_SUMMARY,{},transport|hardware,Positive,0.85,0.12,3,"[{""probability"": 0.7, ""priceEffect"": 0.11, ""label"": ""ev_sales_record""}, {""probability"": 0.30000000000000004, ""priceEffect"": 0.0165, ""label"": ""flat""}]",,,0.0,22,0
news_indie_health_001,,0,Official,NEWS_INDIE_HEALTH_001_TITLE,NEWS_INDIE_HEALTH_001_SUMMARY,{},bio,Positive,0.8,0.11,3,"[{""probability"": 0.7, ""priceEffect"": 0.1, ""label"": ""device_approval""}, {""probability"": 0.30000000000000004, ""priceEffect"": 0.015, ""label"": ""flat""}]",,,0.0,20,0
news_indie_gaming_001,,0,Official,NEWS_INDIE_GAMING_001_TITLE,NEWS_INDIE_GAMING_001_SUMMARY,{},software,Negative,0.78,0.13,3,"[{""probability"": 0.7, ""priceEffect"": -0.09, ""label"": ""launch_flop""}, {""probability"": 0.30000000000000004, ""priceEffect"": -0.0135, ""label"": ""flat""}]",,,0.0,20,0
news_indie_agriculture_002,,0,Official,NEWS_INDIE_AGRICULTURE_002_TITLE,NEWS_INDIE_AGRICULTURE_002_SUMMARY,{},agriculture,Negative,0.78,0.12,3,"[{""probability"": 0.7, ""priceEffect"": -0.09, ""label"": ""pest_outbreak""}, {""probability"": 0.30000000000000004, ""priceEffect"": -0.0135, ""label"": ""flat""}]",,,0.0,22,0
news_indie_robotics_002,,0,Official,NEWS_INDIE_ROBOTICS_002_TITLE,NEWS_INDIE_ROBOTICS_002_SUMMARY,{},hardware|transport,Negative,0.75,0.12,3,"[{""probability"": 0.7, ""priceEffect"": -0.08, ""label"": ""safety_incident""}, {""probability"": 0.30000000000000004, ""priceEffect"": -0.012, ""label"": ""flat""}]",,,0.0,20,0
news_indie_telecom_002,,0,Official,NEWS_INDIE_TELECOM_002_TITLE,NEWS_INDIE_TELECOM_002_SUMMARY,{},telecom,Positive,0.82,0.11,3,"[{""probability"": 0.7, ""priceEffect"": 0.1, ""label"": ""spectrum_win""}, {""probability"": 0.30000000000000004, ""priceEffect"": 0.015, ""label"": ""flat""}]",,,0.0,20,0
news_indie_cyber_002,,0,Official,NEWS_INDIE_CYBER_002_TITLE,NEWS_INDIE_CYBER_002_SUMMARY,{},software|finance,Negative,0.8,0.13,3,"[{""probability"": 0.7, ""priceEffect"": -0.09, ""label"": ""fintech_breach""}, {""probability"": 0.30000000000000004, ""priceEffect"": -0.0135, ""label"": ""flat""}]",,,0.0,22,0
news_indie_tourism_002,,0,Official,NEWS_INDIE_TOURISM_002_TITLE,NEWS_INDIE_TOURISM_002_SUMMARY,{},tourism|transport,Negative,0.76,0.11,3,"[{""probability"": 0.7, ""priceEffect"": -0.08, ""label"": ""fuel_surcharge""}, {""probability"": 0.30000000000000004, ""priceEffect"": -0.012, ""label"": ""flat""}]",,,0.0,20,0
news_indie_finance_003,,0,Official,NEWS_INDIE_FINANCE_003_TITLE,NEWS_INDIE_FINANCE_003_SUMMARY,{},finance,Positive,0.8,0.1,3,"[{""probability"": 0.7, ""priceEffect"": 0.09, ""label"": ""rate_cut_rally""}, {""probability"": 0.3, ""priceEffect"": 0.015, ""label"": ""flat""}]",,,0.0,20,0
news_indie_finance_004,,0,Official,NEWS_INDIE_FINANCE_004_TITLE,NEWS_INDIE_FINANCE_004_SUMMARY,{},finance,Negative,0.85,0.14,3,"[{""probability"": 0.7, ""priceEffect"": -0.1, ""label"": ""loan_default_wave""}, {""probability"": 0.3, ""priceEffect"": -0.015, ""label"": ""flat""}]",,,0.0,22,0
news_indie_telecom_003,,0,Official,NEWS_INDIE_TELECOM_003_TITLE,NEWS_INDIE_TELECOM_003_SUMMARY,{},telecom,Positive,0.8,0.1,3,"[{""probability"": 0.7, ""priceEffect"": 0.09, ""label"": ""network_rollout""}, {""probability"": 0.3, ""priceEffect"": 0.015, ""label"": ""flat""}]",,,0.0,20,0
news_indie_telecom_004,,0,Official,NEWS_INDIE_TELECOM_004_TITLE,NEWS_INDIE_TELECOM_004_SUMMARY,{},telecom,Negative,0.78,0.12,3,"[{""probability"": 0.7, ""priceEffect"": -0.08, ""label"": ""price_cap""}, {""probability"": 0.3, ""priceEffect"": -0.012, ""label"": ""flat""}]",,,0.0,20,0
news_indie_defense_002,,0,Official,NEWS_INDIE_DEFENSE_002_TITLE,NEWS_INDIE_DEFENSE_002_SUMMARY,{},defense,Positive,0.85,0.13,3,"[{""probability"": 0.7, ""priceEffect"": 0.11, ""label"": ""export_contract""}, {""probability"": 0.3, ""priceEffect"": 0.018, ""label"": ""flat""}]",,,0.0,22,0
news_indie_defense_003,,0,Official,NEWS_INDIE_DEFENSE_003_TITLE,NEWS_INDIE_DEFENSE_003_SUMMARY,{},defense|hardware,Negative,0.75,0.11,3,"[{""probability"": 0.7, ""priceEffect"": -0.08, ""label"": ""program_delay""}, {""probability"": 0.3, ""priceEffect"": -0.012, ""label"": ""flat""}]",,,0.0,20,0
